,country,title,image_link,source,content,published_at,link
0,Korea,기업 밸류업 펀드 투자개시…“3000억 규모 추가 조성”,https://image.economist.co.kr/data/ecn/image/2024/07/23/ecn20240723000037.jpg,이코노미스트,"한국거래소는 기업 밸류업 펀드의 하위펀드 설정을 완료하고 오는 21일부터 본격적인 기업 밸류업 투자를 개시한다고 20일 밝혔다.한국거래소, 한국증권금융, 한국예탁결제원, 한국금융투자협회 및 코스콤 등 증권 유관기관 5개사는 기업 밸류업 프로그램 지원을 위해 지난 4일 총 2000억원 규모의 민간연기금 투자풀을 활용한 재간접펀드인 기업 밸류업 펀드를 조성했다.주요 투자대상은 밸류업 상장지수펀드(ETF) 및 지수 구성종목, 지수 미편입 밸류업 공시 종목 등이다. 증권 유관기관은 해당 펀드를 3000억원 추가 조성하기로 했으며 밸류업 투자문화의 조기 정착을 위해 연내 조성을 목표로 신속히 추진할 예정이다.거래소 관계자는 &ldquo;이번 펀드 추가 조성은 밸류업 관련 투자문화 확산 및 증시 활성화에 기여할 것으로 기대된다&rdquo;며 &ldquo;거래소를 포함한 증권 유관기관은 밸류업 프로그램이 탄력을 얻을 수 있도록 향후에도 다양한 방안을 마련해 지속적으로 지원할 예정&rdquo;이라고 말했다.",2024-11-20 11:06:56,https://economist.co.kr/article/view/ecn202411200023
1,Korea,[인사] 대신파이낸셜그룹,,이코노미스트,◇대신자산운용▲대표이사 정만성◇대신증권&lt;상무&gt;▲서부WM부문장 남상구▲고객솔루션부문장 이선영◇대신자산운용&lt;상무&gt;▲채권운용부문장 임동영&lt;이사대우부문장&gt;▲패시브운용부문장 최준영◇대신저축은행&lt;상무&gt;▲영업1본부장 이재민&lt;이사대우본부장&gt;▲영업2본부장 이형◇대신프라퍼티&lt;상무&gt;▲사업전략그룹장 김민중◇대신증권&lt;전무&gt;▲재경1WM부문장 신재범◇대신자산운용&lt;전무&gt;▲대안투자부문장 김건홍◇대신경제연구소&lt;전무&gt;▲ESG컨설팅총괄부문장 김상원◇대신증권▲기획지원총괄 진승욱▲감사부문장 김수창▲금융소비자보호부문장 최광철▲경영기획부문장 정민욱▲경영지원부문장 송종원▲재경2WM부문장 김영천◇대신저축은행▲감사본부장 이성영,2024-11-20 10:52:13,https://economist.co.kr/article/view/ecn202411200021
2,Korea,美 엔비디아 '어닝 서프라이즈' 기대…주가 상승세,https://image.economist.co.kr/data/ecn/image/2024/11/20/ecn20241120000001.jpg,이코노미스트,"엔비디아의 주가가 분기 실적 발표를 하루 앞두고 5% 가까이 급등하면서 '어닝 서프라이즈'에 대한 기대감이 나오고 있다.19일 뉴욕 증시에 따르면 엔비디아 주가는 전날보다 4.89% 오른 147.01달러(20만4058원)에 거래를 마쳤다.주가는 약 1% 오른 141.32달러에 거래를 시작해 시간이 지나면서 상승 폭을 확대했다.최신 AI 칩 블랙웰이 맞춤형으로 설계된 서버 랙에 연결됐을 때 과열되는 문제가 알려지면서 전날 하락 폭(1.29%)을 단번에 만회했다.시가총액도 3조6530억 달러로 불어나며 이날 주가가 0.11% 오르는 데 그친 애플(3조4500억 달러)을 제치고 하루 만에 시총 순위 1위 자리를 탈환했다.이날 상승은 실적에 대한 기대감이 작용한 것으로 풀이된다. 엔비디아는 오는 20일 뉴욕 증시 마감 후 3분기(8&sim;10월) 실적을 발표할 예정이다.엔비디아의 매출과 순이익이 모두 예상치를 넘어설지, 4분기 실적 전망도 상향 조정할지 시장은 주목하고 있다.앞서 매 분기 발표한 실적은 모두 시장의 예상치를 뛰어넘어 이번에도 '어닝 서프라이즈'에 대한 기대감이 나오고 있다.미 금융사 스티펠은 전날 고객들에게 보낸 메모에서 엔비디아에 대해 ""매수"" 등급을 부여하고 목표 주가를 165달러에서 180달러로 상향 조정했다.스티펠은 ""엔비디아가 진출하는 시장 규모는 2025년에 1천억 달러를 넘고 장기적으로는 1조 달러에 육박할 수 있다""며 ""AI 컴퓨팅 수요는 계속해서 공급을 앞지르고 있다""고 진단했다.",2024-11-20 07:34:18,https://economist.co.kr/article/view/ecn202411200001
3,Korea,반도체 투심 변곡점 되나…‘갓비디아’ 실적 발표에 쏠린 눈 [이코노株인공],https://image.economist.co.kr/data/ecn/image/2024/08/29/ecn20240829000062.jpg,이코노미스트,"매주 수요일 아침, 빠르게 변하는 주식 시장에서 주목할 종목을 짚어 드립니다. 한 주 동안 투자자들의 관심이 집중된 주식을 &lsquo;이코노 주(株)인공&rsquo;으로 선정합니다. 주가가 급등락했던 원인과 배경, 앞으로의 전망까지 집중 해부합니다. 

 인공지능(AI) 대장주 엔비디아의 실적 발표가 임박하면서 시장의 이목이 쏠린다. 무엇보다 아직 엔비디아의 차세대 AI 칩 블랙웰 양산이 시작되지 않아 이번 분기 실적보다는 내년 전망이 주가에 중요하게 작용할 것이란 분석이 나온다.증권가에 따르면 엔비디아는 오는 20일 장 마감 후 3분기(지난 8~10월) 실적을 발표할 예정이다. 엔비디아의 3분기 실적은 시장 기대치를 웃돌 것이란 전망이 나온다. 금융정보업체 팩트셋에 따르면 엔비디아의 3분기 매출 전망치는 329억6000만달러, 주당순이익(EPS)은 70센트로 예상된다.엔비디아 주가는 AI 열풍에 힘입어 올해 들어 3배(200%)가량 상승하며 전 세계 시가총액 1위에 등극했다. 시총은 3조6000억달러(5037조1200억원)로 불어나며 주식시장 최초로 시총 4조달러 진입을 눈앞에 뒀다.엔비디아를 향한 서학개미(해외 주식에 투자하는 국내 투자자)들의 사랑도 식지 않는 분위기다. 한국예탁결제원에 따르면 지난 13일 기준 국내 투자자의 엔비디아 주식 보관금액은 135억 3561만달러(18조9300억원)로 2위를 차지했다.월가에서는 엔비디아에 대한 눈높이를 높이며 주가가 상승세를 이어갈 것으로 전망했다. 글로벌 투자은행 파이퍼 샌들러는 엔비디아의 목표가를 기존 140달러에서 175달러로 상향했다. 앞서 투자은행 뱅크오브아메리아와 로젠블랫증권은 엔비디아의 목표가를 각각 190달러, 200달러로 올려 잡았다.엔비디아는 국내 반도체주와 주가 동조화 경향을 나타낸 만큼 이번 실적이 증시의 향방을 가늠하는 지표가 될 것이란 전망이 나온다. 최근 국내 증시는 외국인 투자자의 매도세에 삼성전자가 &lsquo;5만전자&rsquo;마저 붕괴되며 부진을 면치 못했다. 코스피는 3개월 만에 장중 2400선을 내주기도 했다.

다만 신제품 '블랙웰'의 서버 과열 문제가 발생했다는 보도가 나온 점은 변수로 꼽힌다. 미 IT(정보기술)매체 디인포메이션은 소식통을 인용해 &ldquo;엔비디아의 AI칩 블랙웰이 맞춤형으로 설계된 서버 랙에 연결됐을 때 과열되는 문제가 발생해 일부 고객이 새로운 데이터 센터를 가동할 시간이 충분하지 않을 경우를 우려하고 있다&rdquo;고 보도했다. 블랙웰은 지난 3월 엔비디아가 공개한 새로운 AI 칩으로, 기존 제품 크기의 실리콘 두 개를 하나의 부품으로 묶은 제품으로 챗봇의 응답 제공과 같은 작업에서 기존 제품보다 30배 더 빠른 속도를 구현하는 것으로 알려졌다. 엔비디아는 당초 올해 2분기 출시를 예고했었다. 그러나 이후 블랙웰 자체 생산 과정에서 결함이 발견돼 출시 시기가 당초 예상보다 최소 3개월 연기된다는 보도가 나왔다.전문가들은 시장의 방향성을 위해 엔비디아 실적에 주목할 필요가 있다고 말한다. 이경민 대신증권 연구원은 &ldquo;엔비디아의 실적과 가이던스에서 AI 반도체 시장의 성장성을 다시 한번 확인할 수 있다면 반도체 업황과 실적 우려 완화의 계기가 될 수 있다&rdquo;며 &ldquo;최근 삼성전자에서 HBM 공급 시작을 내비친 것에 대해 고객사인 엔비디아가 공급 다변화에 대한 코멘트를 해준다면 천군만마일 것&rdquo;이라고 말했다.",2024-11-20 07:00:03,https://economist.co.kr/article/view/ecn202411180042
4,Korea,'카카오 주가 바닥 찍고 오를까'…임원 9명 자사주 4.5억 매입 [증시이슈],https://image.economist.co.kr/data/ecn/image/2024/11/11/ecn20241111000122.png,이코노미스트,"카카오의 주가가 19일 상승 마감했다. 카카오의 주요 임원 9명이 자사주를 사들였다는 소식이 주가에 긍정적인 신호를 준 것으로 보인다. 이날 유가증권시장에서 카카오의 주가는 전 거래일보다 3.28% 오른 3만6250원에 장을 마감했다.이날 금융감독원 전자공시시스템에 따르면 ▲카카오 CA협의체의 황태선 총괄 ▲권대열 ESG(환경&middot;사회&middot;지배구조) 위원장 ▲이나리 브랜드커뮤니케이션 위원장 ▲정종욱 책임경영위원장 ▲신종환 카카오 최고재무책임자(CFO) ▲정규돈 최고기술책임자(CTO) ▲이상호 카나나엑스 성과리더 ▲김병학 카나나알파 성과리더 ▲이승현 HR 성과리더 등 카카오 임원 9명은 이달 8~14일 총 4억 5260만원어치의 자사주를 매입했다.임원 1명당 평균 매입 규모는 약 5000만원 규모다. 가장 많은 금액의 주식을 매입한 임원은 이상호 카나나엑스 성과리더다. 총 5101만480원어치(1520주)를 사들였다. 이들은 모두 카카오 그룹의 핵심 의사 결정을 담당하는 CA협의체를 비롯해 기술&middot;재무&middot;인사 등 주요 조직의 핵심 인사로 꼽힌다.정신아 카카오 대표 역시 올해 5월과 8월 각각 1억원 규모의 주식을 사들였다.카카오 임원들의 자사주 매입 행렬은 책임 경영을 강화하고 주주 신뢰를 회복해 주가를 견인하려는 취지로 풀이된다. 카카오의 주가는 15일부터 이날까지 3거래일 연속 상승하며 10% 넘게 뛰었다. 앞서 카카오는 지난 14일 장중 3만2550원을 기록, 52주 신저가를 새롭게 쓰며 하락세를 면치 못하는 모습이었다. 카카오 관계자는 &ldquo;책임 경영을 강화하고 주주 신뢰를 회복하려는 차원에서 임원들이 자발적으로 주식을 매수했다&rdquo;고 설명했다.",2024-11-19 18:57:19,https://economist.co.kr/article/view/ecn202411190074
5,Korea,엔비디아 실적 발표 앞두고 국장 개미 '들썩'.. 전문가 전망은?,https://image.economist.co.kr/data/ecn/image/2024/11/10/ecn20241110000011.jpg,이코노미스트,"4분기 월가의 주요 이벤트로 꼽히는 엔비디아의 실적 발표를 앞두고 국내 개인투자자의 이목도 집중되고 있다. 18일 삼성전자의 자사주 매입으로 주가가 반등한데 이어 주요 고객사인 엔비디아가 공급 다변화에 나설 것이라는 발표가 나올 경우, 주가는 더욱 올라갈 것이라는 분석 때문이다. 이에 따라 코스피는 관망세 속에 장을 마감했다.팩트셋에 따르면 엔비디아의 3분기 매출액은 331억 달러, 순이익은 184억 달러로 전망된다. 전년 동기 대비 각각 82.3%, 89.1% 증가할 것이라는 팩트셋의 예상이다.호실적을 바탕으로 최근 삼성전자에 고대역폭메모리(HBM) 공급을 시작한 엔비디아가 공급 다변화 전략에 나설 경우 삼성전자를 비롯한 국내외 반도체 기업들도 수혜를 맞을 전망이다. 여기에 양 국가 주식시장의 '대장주' 격인 삼성전자와 엔비디아가 향후 상향된 가이더스를 발표하면 국내 증시에 대한 전망치도 우상향으로 바뀔 수 있다는 분석도 나온다.한지영 키움증권 연구원은 ""이번 주 국내 증시에는 금리, 환율 등 거시지표의 움직임도 중요하지만 엔비디아의 분기 실적이 메인이벤트가 될 것""이라며 ""엔비디아 실적에 대한 기대치가 높아진 상태에서 이번 실적은 반도체주 전반에 영향력을 행사할 것이다""고 내다봤다.한편 엔비디아는 20일 뉴욕 증시 마감 후 3분기 실적(8~10월)을 공개할 예정이다. 이번 어닝 발표에서 눈여겨 볼 점은 엔비디아가 차세대 인공지능(AI) 칩으로 생산을 시작한 블랙웰 칩에 대한 수요 동향이다. 실제 엔비디아가 실적 발표하기 전인 19일께 국내 증시는 관망세를 유지한 채 장을 마감하는 모양새였다. 블랙웰 칩 수요는 엔비디아의 내년 실적을 좌우할 전망이기 때문이다.엔비디아 실적 발표 후 시장 변동성이 커질 것으로 전망하는 매체도 있다. 월스트리트저널은 ""시티그룹에 따르면 엔비디아 주가는 지난 8개 분기 동안 실적 발표 후 평균 9% 이상의 주가 상승을 보였다""면서 ""엔비디아 주가는 수익 발표 후 종종 엄청난 변동을 보이고 있다""고 설명했다. 최근 가장 활발하게 거래되는 엔비디아 주가와 이와 연계된 옵션이 월가에서 가장 인기 있느 거래 중 하나가 됐다는 평가가 나오는 배경이다.",2024-11-19 17:33:50,https://economist.co.kr/article/view/ecn202411190066
6,Korea,"토스증권, 주식 ‘외상구매’ 명칭 바꾼다…“법적 문제는 없어”",https://image.economist.co.kr/data/ecn/image/2024/11/19/ecn20241119000082.jpg,이코노미스트,"토스증권은 지난달 말 선보인 미수거래 서비스의 이름(명칭) &lsquo;외상구매&rsquo;(미수거래)를 이달 중 변경할 예정이다. 금융감독원이 토스증권에 서비스 명칭 변경 조치를 내린 데 따른 결정이다. 미수거래 서비스를 &lsquo;외상구매&rsquo;라는 명칭으로 제공해 투자자에게 불필요한 혼란을 일으킬 수 있다는 우려에서다.19일 국회 정무위원회 소속 김현정 의원에 따르면 금융감독원은 최근 김 의원의 토스증권 외상구매 명칭 사용에 관련한 질의에 &ldquo;토스증권과 협의해 해당 명칭을 신속히 변경하도록 조치할 예정&rdquo;이라고 답변했다.토스증권은 지난달부터 이른바 외상구매 서비스를 시작했다. 여타 증권사가 제공하는 미수거래와 같은 서비스를 명칭을 바꿔 제공한 식이다. 미수거래는 투자자가 주식을 사들일 때 담보 격인 위탁증거금(매수금의 30% 이상)만 현금으로 납부하고, 차액은 이후에 갚아야 하는 거래다. 증권사에서 돈을 빌려 투자하는 신용융자 거래와는 별개다.일각에서는 미수거래 서비스를 &lsquo;외상구매&rsquo;라는 명칭으로 제공해 투자자에게 불필요한 혼란을 일으킬 수 있다는 우려가 나왔다. 이에 따라 토스증권은 지난 18일 용어를 변경하기로 결정하고, 구체적인 방안을 수립한 뒤 이용자에게 순차적으로 안내할 계획이다.토스증권 관계자는 &ldquo;미수거래 신청화면에서 외상거래라는 용어를 사용하고, 미수거래의 특성 위험등을 충분히 설명하고 있다&rdquo;며 &ldquo;외상거래라는 용어 사용에 대해서는 법률 검토를 통해 법적 문제가 없음을 확인했다&rdquo;고 말했다. 이어 &ldquo;다만 이 건에 대해 금감원과 협의해 용어 변경을 하기로 결정했다&rdquo;라며 &ldquo;갑작스러운 변경에 따른 고객 혼동을 막기 위해 최적의 방안을 마련 중&rdquo;이라고 설명했다.",2024-11-19 16:26:57,https://economist.co.kr/article/view/ecn202411190058
7,Korea,'자율주행 규제 완화' 전망에... 테슬라 주가 급등,https://image.economist.co.kr/data/ecn/image/2024/11/17/ecn20241117000006.jpg,이코노미스트,"테슬라의 주가가 현지시간 18일 트럼프 2기 행정부의 자율주행 규제 완화 전망에 급등했다.이날 뉴욕증시에서 테슬라 주가는 전 거래일보다 5.62% 오른 338.74달러에 마감했다. 주가는 5% 이상 오른 340.73달러에 거래를 시작해 장 중 한때 348.55달러까지 상승하는 등 강세 기조를 이어갔다. 이에 시가총액도 장 중 한때 1조1000억달러를 넘어서기도 했다.이날 주가 상승은 트럼프 2기 행정부가 자율주행 차량 규제 완화에 나설 것으로 전망된다는 소식에 따른 것으로 풀이된다. 블룸버그통신은 앞서 소식통을 인용해 ""도널드 트럼프 미국 대통령 당선인의 정권 인수팀이 완전 자율주행 차량을 위한 연방 규제 체계를 교통부의 우선순위 중 하나로 삼을 계획이라고 말했다""고 보도했다.
현재 주 별로 나뉘어 있는 자율주행 차량 운행 허가를 연방 차원으로 통합하는 것으로 자율주행 차량이 허가만 받으면 주 경계와 관계없이 미국 전역을 다닐 수 있다. 또 인공지능에 미래를 걸어온 일론 머스크 테슬라 최고고경영자에 직접적인 이득이 될 것으로 분석된다.다만 미국고속도로안전국(NHTSA)의 규제 완화가 남아 있다. 현재 당국은 제조업체가 허가받아 연간 배치할 수 있는 자율주행 차량의 수를 2500대로 제한하고 있다. 트럼프 인수팀은 이를 10만대까지 확대하는 방안을 고려하고 있는 상황이다.",2024-11-19 15:57:29,https://economist.co.kr/article/view/ecn202411190051
8,Korea,"“말하는 명함 나온다”...하나증권, 업계 최초 AI 명함 도입",https://image.economist.co.kr/data/ecn/image/2024/11/19/ecn20241119000075.jpg,이코노미스트,"하나증권은 증권업 최초로 인공지능(AI) 명함을 도입한다고 19일 밝혔다.하나증권이 선보인 AI 명함은 직원들의 사진과 목소리 등을 구현해 프라이빗뱅커(PB) 개인별 맞춤 동영상 메시지를 생성하는 서비스다. 고객 별 맞춤형 인사와 PB 개인 전문분야 등을 약 15초 내외 동영상에 담아 기존 명함과 차별화되는 생동감 있는 커뮤니케이션을 제공할 예정이다. 하나증권은 주요 지점을 시범 시작으로 손님들의 피드백을 반영해 전국 지점으로 확대할 계획이다.AI명함 서비스에 적용된 기술은 실제 인물의 특성을 유지하며 목소리에 맞춰 자연스럽게 발화하는 얼굴 움직임을 만들어낸다. 하나금융그룹 IT전문 관계사 하나금융티아이의 사내 독립기업인 하나금융융합기술원이 자체 개발한 최신 AI기술을 바탕으로 개발되었다.이병철 하나증권 WM그룹장은 &ldquo;AI, 디지털을 활용한 자산관리 서비스를 강화해 고객에게 새로운 경험을 선사하고 꾸준히 접점을 늘려갈 계획&rdquo;이라며 &ldquo;시범 기간 동안 손님 피드백을 적극적으로 수용해 개선된 서비스를 출시하는 등 앞으로도 손님에게 신뢰감 있게 다가갈 수 있도록 다양한 서비스를 선보이겠다&rdquo;고 설명했다.",2024-11-19 15:55:44,https://economist.co.kr/article/view/ecn202411190050
9,Korea,내년부터 ETF로 부동산·리츠 투자 가능해진다,https://image.economist.co.kr/data/ecn/image/2024/06/28/ecn20240628000058.jpg,이코노미스트,"내년부터는 상장지수펀드(ETF)로 상장 재간접리츠와 부동산&middot;리츠 ETF 투자가 가능해진다. 대체투자펀드 자산에 대한 외부 전문기관의 평가도 의무화된다.금융위원회는 19일 이 같은 내용의 &lsquo;자본시장과 금융투자업에 관한 법률 시행령&rsquo; 개정안과 &lsquo;금융투자업규정&rsquo; 변경안을 예고했다. 해당 개정안은 &lsquo;공모펀드 경쟁력 제고방안&rsquo;의 일환으로, 하위법령 개정을 통해 실행 가능한 2개 과제를 담고 있다.우선 부동산 등 실물자산에 투자하려는 투자자의 선택권 확대를 위해 ETF의 상장 재간접리츠&middot;부동산&middot;리츠 ETF 투자를 허용한다. 투자자 선택권 확대를 위해 ETF가 상장 재간접리츠와 부동산&middot;리츠 ETF에 투자할 수 있도록 허용한다. 상장 시장에서 거래되는 ETF와 상장 리츠의 경우, 상대적으로 유동성이 높고, 보수가 낮아 과도한 보수 수취의 우려도 상대적으로 낮은 점을 고려했다.다만 과도한 보수 수취를 방지하기 위해 ETF와 투자 대상 자산의 운용 주체가 동일한 경우에는 동일 명목의 운용 보수를 투자자로부터 이중으로 수취하는 것을 금지한다. 일반적인 거래 조건에 비해 투자자에게 유리한 운용 보수 체계를 갖추도록 규정한 것이다.두번째 과제는 부동산&middot;인프라 등 대체투자펀드 자산의 투명성과 투자자 신뢰를 제고하기 위해 주기적 평가, 외부 전문기관의 평가를 의무화하기로 했다.대체투자펀드 자산의 투명성과 투자자 신뢰를 제고하기 위해 공정가액으로 평가하는 자산에 대해 집합투자재산평가위원회가 연 1회 이상 평가하도록 하고, 부동산&middot;인프라펀드 등이 투자한 자산을 평가하는 경우 외부 전문기관이 최근 1년 이내 제공한 가격을 우선적으로 고려하도록 의무화한다.&lsquo;자본시장과 금융투자업에 관한 법률 시행령&rsquo; 개정안과 &lsquo;금융투자업규정&rsquo; 개정안은 오는 20일부터 내달 30일까지 입법예고&middot;규정변경예고를 실시할 예정이다. 이후 규제개혁위원회 심사, 법제처 심사, 차관회의&middot;국무회의 의결 등의 절차를 거쳐 내년 상반기 중 공포될 예정이다.",2024-11-19 13:11:03,https://economist.co.kr/article/view/ecn202411190036
10,Korea,"SK스퀘어, 2000억 자사주 소각 나선다...""주주환원 나설 것""",https://image.economist.co.kr/data/ecn/image/2024/11/14/ecn20241114000084.jpg,이코노미스트,"SK스퀘어가 2000억원 규모의 주주환원 계획을 포함한 한국 기업 밸류업 프로그램 취지에 맞춘 기업가치제고 방안을 발표했다. 우선 SK스퀘어는 내년 초까지 1000억원씩 두 번의 자사주 소각에 나설 방침이다. SK스퀘어는 SK그룹의 투자전문회사다.한명진 SK스퀘어 사장은 21일 ""기업가치 제고를 위해 이사회를 중심으로 주주들과 소통하면서 최적의 자본배분과 예측가능한 주주환원을 실행하겠다""며 이같은 계획을 밝혔다.SK스퀘어는 올해 4월 매입 완료한 1000억원의 자사주를 소각하고, 오는 25일부터 3개월 이내 추가로 1000억원의 자사주를 매입 완료하고 소각 예정이다.회사 측은 주주 친화적 관점의 기업가치제고 핵심목표도 발표했다.우선 지주사 최초로 기업가치제고 핵심목표에 '순자산가치 할인율'(NAV&middot;Net Asset Value)을 반영하기로 했다. 순자산가치 할인율은 시가총액 대비 순자산가치(포트폴리오 회사 지분가치의 합)가 어떻게 평가되고 있는지를 보여주는 지표다. 할인율이 낮을수록 적정한 기업가치 평가를 받고 있다고 볼 수 있다.SK스퀘어의 NAV은 올해 3분기 65.8%로, 전년 말 73.0% 대비 개선되고 있다. 나아가 회사 측은 오는 2027년까지 50% 이하로 축소하는 한편, 이를 경영진의 KPI(핵심성과지표) 및 보상체계와 연계할 예정이다.'자기자본비용(COE)' 개념도 기업가치제고 목표에 추가해 효율적인 자본 운영을 하겠다는 경영 의지를 드러냈다. 통상 주주가 회사에 요구하는 최소한의 수익률(COE)이 주주들의 자본을 활용해 창출한 기업의 이익률(ROE)보다 낮을 경우 기업가치 창출을 제대로 못하고 있다는 의미다. SK스퀘어는 앞으로 3개년(2025~2027년)간 COE를 초과하는 자기자본이익률(ROE) 실현을 목표로 제시했다.이와 함께 주가순자산비율(PBR) 1배 이상 달성을 목표로 제시했다. PBR은 수치가 높을수록 장부가치 대비 시장가치를 제대로 평가받고 있다고 의미다. 현재 SK스퀘어의 PBR은 올해 3분기 기준 0.73배로 국내 주요 지주회사 평균치를 상회한다.한 사장은 ""포트폴리오 수익성을 지속 강화하고 미래 유망 분야 신규투자를 추진함으로써 회사의 성장을 이끌겠다""고 밝혔다. 오는 2027년 주요 포트폴리오 흑자를 달성하는 한편 반도체∙AI 분야 신규 투자를 추진할 예정이다.",2024-11-21 18:14:51,https://economist.co.kr/article/view/ecn202411210075
11,Korea,내년 3월부터 공매도 재개…무차입공매도 방지조치 의무화,https://image.economist.co.kr/data/ecn/image/2024/11/21/ecn20241121000061.jpeg,이코노미스트,"금융위원회가 내년 3월 31일 공매도 재개를 앞두고 법인과 증권사에 무차입공매도 방지 조치를 의무적으로 시행토록 하고, 위반 시 과태료와 제재를 부과하기로 했다. 공매도 거래 시 개인투자자와 기관&middot;법인투자자의 거래조건도 통일한다.
 
금융위는 이 같은 내용을 담은 개정 자본시장법 후속 시행령 개정안과 금융투자업규정 개정안을 입법예고했다고 21일 밝혔다.
 
핵심은 무차입 공매도 방지 조치 의무화다. 공매도 잔고가 일정 수준 이상인 법인과 시장조성자, 기관투자자는 공매도 전산시스템을 구축해야 한다. 또 한국거래소에 내년 3월 구축될 예정인 중앙점검시스템(NSDS)이 무차입 공매도 여부를 전수점검할 수 있도록 매 영업일 종목별 잔고 정보 등을 2영업일 이내에 거래소에 제출해야 한다. 대상이 되는 기관투자자는 올해 9월 말 기준 외국계 19개, 증권사 31개, 운용사 45개, 기타 금융사 2개로 총 97개사다.
 
법인의 공매도 주문을 위탁받는 증권사는 매해 1회 해당 법인이 내부통제기준과 전산시스템을 갖췄는지 확인하고, 그 결과를 한 달 내 금융감독원에 보고해야 한다. 증권사 자체적으로는 공매도와 독립된 부서가 무차입 공매도 방지조치를 갖췄는지 확인해 금융감독원에 보고하도록 했다.
 
무차입공매도 방지조치를 제대로 하지 않은 법인과 증권사에는 1억 원 이하 과태료가 부과되며, 증권사 등 금융투자업자에는 기관 및 임직원 제재가 가해진다.
 
공매도 대차거래 상환기간도 제한된다. 90일 이내에서 대여자와 차입자가 정하되, 연장 포함 전체 기간은 12개월 이내여야 한다. 그간 개인투자자는 90일로 상환기간이 한정돼 있었던 반면, 기관투자자는 상환기간이 정해져있지 않아 '기울어진 운동장'이라는 지적이 제기된 데 따른 거래조건 일원화다. 상환기간 제한을 위반할 경우 과태료 기준은 법인 1억 원, 개인 5,000만 원이다.
 
이번 입법예고 기간은 올해 12월 31일까지로, 이후 규제개혁위원회와 법제처 심사, 증권선물위원회, 금융위원회, 차관회의와 국무회의 의결을 거쳐 내년 3월 31일부터 시행된다. 내년 4월 시행되는 불공정거래 및 불법공매도 제재수단 강화 관련 시행령 개정안은 별도로 입법예고를 진행할 예정이다.",2024-11-21 14:31:13,https://economist.co.kr/article/view/ecn202411210043
12,Korea,"미래에셋증권, 해외주식 고객 수익 11조4000억 증가",https://image.economist.co.kr/data/ecn/image/2024/11/21/ecn20241121000036.png,이코노미스트,"미래에셋증권은 연초 대비 해외주식 고객 수익이 11조4000억원 순증(11월 12일 기준)해 총 잔고 36조5000억원에 이르게 됐다고 21일 밝혔다.고객들의 글로벌 혁신기업에 대한 장기 투자 성향, 자산배분 전략, 그리고 고객 맞춤형 서비스가 결합된 결과로 분석된다. 특히 테슬라와 엔비디아를 비롯한 주요 글로벌 혁신기업 주가 상승이 고객들의 수익 증가에 큰 역할을 한 것으로 나타났다. 미래에셋증권은 &lsquo;성장하는 곳에 투자한다&rsquo;는 원칙을 바탕으로 미래 성장 가능성이 높은 글로벌 혁신기업, 성장 지역 중심의 투자 전략을 고객들과 공유해왔다.고객들이 보유한 잔고 상위 종목인 엔비디아, 테슬라, 마이크로소프트, 애플, 브로드컴은 각각 높은 수익률을 기록하며 고객 자산 증대에 기여했다. 엔비디아는 166%의 수익률로 고객 평가이익 약 3.3조원을 기록했고, 테슬라는 70%의 수익률로 약 2조5000억원의 평가이익을 더했다. 이와 함께 마이크로소프트 42%, 애플 60%, 브로드컴 155% 수익률을 기록하며, 상위 5개 종목 모두 성장성이 높은 혁신기업으로 구성된 것으로 나타났다.이는 일시적으로 유행하는 &lsquo;밈(MEME) 주식&rsquo;과는 차별화된 자산배분 효과를 보여주며, 장기적 관점에서 안정적인 성과를 거뒀다는 평가를 받고 있다.&lsquo;Magnificent 7&rsquo;으로 불리는 글로벌 테크 기업들에 주목하며, 장기적 관점에서 혁신 기업에 대한 투자의 중요성을 강조하고 있다. 이는 단순한 수익을 넘어 고객들에게 왜(Why) 성장하는 곳에 투자를 해야하고, 변화하는 경제 패러다임 속에서 어떤 투자원칙을 가지고 자산배분을 해야 하는지를 증명해주고 있다.미래에셋증권 관계자는 &ldquo;고객과 함께 성장하는 동반자로 글로벌 자산배분 전략을 지속적으로 발전시키고 있다&rdquo;라며 &ldquo;이를 통해 고객의 성공적인 자산관리와 평안한 노후를 위한 노력을 지속할 것&rdquo;이라고 말했다.",2024-11-21 11:01:41,https://economist.co.kr/article/view/ecn202411210026
13,Korea,"한투운용, ACE 미국장기채 ETF 시리즈 순자산액 2조원 돌파",https://image.economist.co.kr/data/ecn/image/2024/11/21/ecn20241121000029.jpg,이코노미스트,"한국투자신탁운용은 미국 장기국채에 투자하는 ACE 상장지수펀드(ETF) 4종 합산 순자산액이 2조원을 돌파했다고 21일 밝혔다.ACE 미국장기채 ETF 시리즈는 ▲ACE 미국30년국채액티브(H) ▲ACE 미국30년국채액티브 ▲ACE 미국30년국채엔화노출액티브(H) ▲ACE 미국30년국채선물레버리지(합성 H)로 구성돼 있다.한국거래소에 따르면 4종의 합산 순자산액은 전일(11월 20일) 기준 2조14억원으로 집계됐다. 개별 상품으로는 ACE 미국30년국채액티브(H) ETF 순자산액이 1조7546억원으로 국내 최대 미국 장기채 ETF 자리를 유지했다. 뒤이어 ACE 미국30년국채엔화노출액티브(H) ETF가 1095억원, ACE 미국30년국채선물레버리지(합성 H) ETF가 866억원, ACE 미국30년국채액티브 ETF가 628억원을 기록했다.4종 중 올해 순자산액이 가장 많이 증가한 상품은 ACE 미국30년국채액티브(H) ETF였다. 해당 상품은 지난해 말 6327억원이었던 순자산액이 연초 이후 1조1122억원 증가하며 올해에만 몸집을 175.79% 불렸다. ACE 미국30년국채선물레버리지(합성 H) ETF의 순자산액은 251억원이 증가했다. 올해 3월 상장한 달러노출형 상품인 ACE 미국30년국채액티브 ETF와 엔화노출형 상품인 ACE 미국30년국채엔화노출액티브(H) ETF 또한 상장 당일 순자산액 대비 각각 548억원, 1015억원이 증가했다.ACE 미국장기채 ETF 시리즈 순자산액이 빠르게 성장할 수 있었던 요인으로는 개인투자자들의 관심과 연금계좌에서의 자금유입 덕분으로 분석된다. 코스콤 ETF Check에 따르면 올해 ACE 미국장기채 ETF 시리즈에 대한 개인순매수액은 5381억원이며, 연금계좌 유입액은 1조4296억원으로 집계됐다. 특히 ACE 미국30년국채액티브(H) ETF에는 1조2558억원 규모의 자금이 연금계좌에서 몰려 채권형 ETF 가운데 1위를 차지했다. 개인투자자들은 해당 ETF를 올해 4174억원 규모로 순매수했다.김승현 한국투자신탁운용 ETF컨설팅담당은 &ldquo;ACE 미국장기채 ETF 시리즈는 개인투자자의 순매수세와 및 연금계좌에서의 자금 유입으로 국내 ETF 시장에서 대표적인 미국 장기국채 상품으로 자리 잡았다&rdquo;고 말했다.이어 &ldquo;기준금리 인하에 대한 방향성은 여전히 유지되고 있어 미국 장기채와 상관관계가 낮은 미국 배당주 ETF나 변동성이 큰 대형 기술주 ETF와 함께 포트폴리오에 담았을 때 분산투자 효과가 있다&rdquo;며 &ldquo;연금계좌와 개인종합자산관리계좌(ISA)에서 절세 혜택을 누리면서 포트폴리오를 구성하시길 바란다&rdquo;고 전했다.",2024-11-21 10:27:42,https://economist.co.kr/article/view/ecn202411210021
14,Korea,"엔비디아, 3분기 호실적…매출 94%·순이익 106%↑",https://image.economist.co.kr/data/ecn/image/2024/11/21/ecn20241121000002.jpg,이코노미스트,"인공지능(AI) 칩 선두 주자 엔비디아의 3분기(8&sim;10월) 실적이 예상을 넘어섰다. 다만, 주가는 시간외 거래에서 약세를 나타냈다.엔비디아는 20일(현지시간) 3분기 실적을 발표하고, 350억8000만 달러(49조1190억원)의 매출과 0.81달러(1134원)의 주당 순이익을 기록했다고 밝혔다.매출은 시장조사업체 LSEG가 집계한 월스트리트 예상치 331억6000만 달러를 웃돌고, 주당 순이익도 예상치 0.75달러를 상회하는 수준이다.엔비디아는 4분기 매출을 약 375억 달러로 전망했다. 이는 시장 예상치인 370억 달러를 웃도는 수치다.지속적인 AI 열풍 속에 3분기 매출은 지난해 같은 기간보다 94% 증가했고, 순이익은 193억 달러로 1년 전 92억4000만 달러보다 106% 급증했다.특히, AI 칩을 포함하는 데이터 센터 부문 매출은 308억 달러로, 시장 예상치 288억2000만 달러를 상회했다.엔비디아 CFO는 최신 AI 칩인 블랙웰의 본격적인 생산 및 출하는 이번 4분기부터 시작하며, 내년에 점진적으로 확대될 예정이라고 밝혔다.또 현재 주력 AI 칩인 H200의 매출도 이번 분기에서 크게 증가했다고 덧붙였다.젠슨 황 최고경영자(CEO)는 ""AI 시대가 본격화되면서 전 세계적으로 엔비디아 컴퓨팅으로의 전환이 가속하고 있다""며 ""(H100과 H200 칩 등) 호퍼에 대한 수요와 본격적인 생산에 들어간 블랙웰에 대한 기대는 놀랍다""고 말했다.이날 뉴욕 증시 정규장에서 0.76% 내린 엔비디아 주가는 약세를 나타냈다. 실적 발표 직후 3% 이상 하락했다가 1% 안팎으로 낙폭을 줄였다.카슨 그룹의 수석 시장 전략가인 라이언 디트릭은 ""투자자들은 엔비디아의 엄청난 실적 상승에 익숙해졌다""며 ""이제 그런(엄청난) 성과를 내는 것이 점점 더 어려워지고 있다고 말했다.이어 ""이번 실적 보고서도 여전히 매우 견조했지만, 기대치가 너무 높아져 (시장 기대에 부응하기가) 더욱 힘들어지고 있다""고 분석했다.",2024-11-21 07:58:11,https://economist.co.kr/article/view/ecn202411210002
15,Korea,"하이브 떠나는 민희진이 청구한 '풋 옵션',  뭐길래?",https://image.economist.co.kr/data/ecn/image/2024/10/17/ecn20241017000048.jpg,이코노미스트,"민희진 어도어 전 대표가 사내이사 사임 소식을 알렸다. 민 전 대표는 입장문을 통해 ""저는 오늘 어도어 사내이사에서 사임한다""며 ""하이브와 체결한 주주 간 계약을 해지하고, 하이브에 주주 간 계약 위반사항에 대한 법적인 책임을 물으려 한다""고 말했다. 이어서 민 전 대표는 ""더불어 하이브와 그 관련자들의 수많은 불법에 대해 필요한 법적 조치를 하나하나 진행할 예정""이라고 계획을 밝혔다.입장문을 낸데 이어, 민 전 대표는 하이브를 상대로 서울중앙지법에 풋옵션(put option) 행사에 따른 대금 청구 소송을 제기한 것으로 확인됐다. 그러나 하이브는 신뢰 훼손 등을 이유로 지난 7월 풋옵션의 근거가 되는 주주 간 계약이 이미 해지됐다는 입장이다. 상반된 입장에 민 전 대표와 하이브는 약 260억원으로 추산되는 풋옵션 행사 대금을 둘러싸고 치열한 법정 다툼을 벌이게 됐다.
민 전 대표가 소송을 건 풋옵션 행사란 '콜 옵션(Call option, 만기일이나 만기일 이전에 미리 정한 가격으로 살 수 있는 권리)'의 반대되는 개념으로, 시장가격에 관계없이 특정 상품을 특정 시점, 특정 가격에 &lsquo;매도&rsquo;할 수 있는 권리를 말한다. 지난 2023년 민 대표는 어도어 지분 18%를 37억원에 매입했고, 이에 대한 풋 옵션 행사 권한도 받아 이번 소송을 진행하게 된 것이다. 민 전 대표는 이 같은 풋 옵션 권리로, 사임을 결정하는 동시에 자신의 어도어 지분을 원하는 시점, 원하는 가격에 판매하고자 하는 것이다. 하이브 측에 대한 민 전 대표의 입장은 강경하다. 민 전 대표는 ""지난 4월 하이브의 불법 감사로 시작돼 7개월여 넘게 지속되어 온 지옥 같은 하이브와의 분쟁 속에서도, 저는 지금까지 주주 간 계약을 지키고 어도어를 4월 이전과 같이 제자리로 돌려놓기 위해 제가 할 수 있는 모든 노력을 다해왔다""며 ""그러나 하이브는 지금까지도 잘못을 인정하지 않고 있고 변할 기미도 전혀 없기에 더 이상의 노력은 시간 낭비라는 판단으로 결단하게 됐다""고 밝혔다. 어도어 측은 민 전 대표 사임에 대해 ""일방적인 사임 통보에 대해 안타깝게 생각한다""며 ""당사는 뉴진스가 더 크게 성장하고 발전할 수 있도록 최선을 다해 지원할 것""이란 입장이다.",2024-11-20 21:34:42,https://economist.co.kr/article/view/ecn202411200071
16,Korea,[부고] 박창섭(NH투자증권 실물자산투자본부 대표)씨 부친상,,이코노미스트,"▲박영준(전 한국공인회계사회 부회장)씨 별세, 차정자씨 남편상, 박창섭(NH투자증권 실물자산투자본부 대표)&middot;박정섭(대주컨설팅 대표)&middot;박윤조(미술사학자)씨 부친상, 오상용(청주지방법원 부장판사)씨 빙부상, 황유진&middot;박성진씨 시부상 = 20일, 삼성서울병원 장례식장 지하 2층 17호실, 발인 22일 오전 10시30분, 장지 모란공원. (02)3410-3151",2024-11-20 17:12:37,https://economist.co.kr/article/view/ecn202411200057
17,Korea,"이재명 ""정치 상황 등 안정되면 코스피 4500선 간다""",https://image.economist.co.kr/data/ecn/image/2024/11/20/ecn20241120000096.jpg,이코노미스트,"이재명 더불어민주당 대표가 간담회를 열고 최근 국내 주식시장 저평가 현상(코리아디스카운트)에 대한 문제점과 해결책을 제시했다. 이 대표는 20일 서울 영등포구 어펜딕스에서 열린 '국내 주식시장 활성화를 위한 일반투자자 간담회'에 참석해 ""과거 한강의 기적을 만들어 세계 10대 경제 강국으로 발전한 역동성이 살아날 것이라고 믿는다면 주가가 4000~4500선은 가뿐히 넘을 수 있을 것""이라고 밝혔다.최근 2500선에서 횡보하고 있는 코스피가 두배 이상 상승할 것이라고 본 이재명 대표는 시장의 불투명성, 정부 정책의 부재, 한반도 안보 리스크 해결이 수반되지 않는다면 주식시장이 살아나기 쉽지 않다는 입장도 전했다.이재명 대표는 이어 ""정치가 경제에 미치는 영향이 너무 크고, 코리아 디스카운트가 너무 심하다""며 ""정치 상황만 정상화되면, 시장 질서만 제대로 잡힌다면 거의 두 배 가까이 자산 가치가 올라갈 수 있다고 본다""고 덧붙였다.특히 강조한 부분은 상법 개정이다. 우량주에 대한 장기 투자 리스크가 심해지면서 우량주가 불량주 취급을 받게 됐다는 것이다. 그는 ""우량주가 튼튼한 암소인 줄 알았다""며 ""자꾸 새끼를 낳을 때마다 송아지 주인은 다른 사람이다. 분명히 엄마소는 내 소인데, 새끼는 다른 사람이 가져간다""고 지적했다.",2024-11-20 16:35:32,https://economist.co.kr/article/view/ecn202411200051
18,Korea,"""나스닥은 신이야"" 개미들, 해외 향하자 순대외자산 '역대 최고'",https://image.economist.co.kr/data/ecn/image/2024/11/20/ecn20241120000049.jpg,이코노미스트,"미국 주식시장에 투자하는 이른바 '서학개미' 열풍에 대한민국 순대외금융자산 잔액이 사상 처음으로 9000억달러를 넘어섰다. 20일 한국은행이 발표한 '2024년 3분기 국제투자대조표(잠정)'에 따르면 지난 3분기말(9월) 기준 순대외금융자산(대외금융자산-대외금융부채)은 9778억달러로 전분기말 8585억달러 대비 1194억달러 증가했다. 증가폭도 지난 2021년 3분기 이후 두 번째 규모다.박성곤 한국은행 국외투자통계팀장은 ""해외 주식과 채권 매수가 확대되고 보유 증권 평가액이 상승했다""며 ""매매 등 거래 요인과 가격변동&middot;환율 등 비거래요인이 모두 큰 폭으로 늘었다"" 설명했다.외국인 투자자의 '셀코리아' 기조가 이어지고 있고, 국내 개인투자자들도 해외 주식 매수에 나서고 있는 만큼 올해 순대외금융자산은 1조원을 넘길 가능성이 커졌다. 대외금융자산 중 거주자의 해외 직접투자는 302억달러 늘어났고, 해외 증권투자는 646억달러 불어나며 잔액이 9969억달러에 달했다. 특히 해외주식 투자 지속, 미국 증시 호조로 지분증권만 466억달러가 늘어났다.박 팀장은 ""해외 주식과 채권 매수가 확대되고, 보유 증권 평가액이 상승했다""며 ""매매 등 거래 요인과 가격변동&middot;환율 등 비거래요인이 모두 큰 폭으로 늘었다""고 설명했다.",2024-11-20 14:38:31,https://economist.co.kr/article/view/ecn202411200038
19,Korea,"영풍, 경영정상화 의문…‘매년 1000억’ 환경개선 투자금 어디로",https://image.economist.co.kr/data/ecn/image/2024/11/20/ecn20241120000032.jpg,이코노미스트,"고려아연과 경영권 분쟁 중인 영풍이 실적 관련 수치가 모두 하락하며 경영 정상화에 대한 지적이 일고 있다. 특히 3분기 적자와 관련해 2021년부터 매년 1000억원씩 환경개선에 투자하고 있어서라는 이유를 내놓았지만 사실과 다르다는 분석도 있다. 지난 14일 영풍이 공시한 사업보고서에 따르면 올해 3분기 연결 기준 매출액은 6567억 원으로 전년 동기 대비 38%(3999억원) 감소했다. 영업이익도 179억원 적자를 기록했다. 또한 올해 3분기 말 공장 가동률은 53.4%로 역대 최저 수준으로 떨어졌다. 이에 대해 영풍은 &ldquo;지난 2021년부터 약 7000억원 규모의 환경개선 혁신 계획을 수립해 매년 1000억원 이상 환경개선 사업에 투자하고 있다&rdquo;며 &ldquo;사업이 완료될 때까지 수치상으로 보이는 실적은 좋지 않을 수 있다""고 설명했다. 이어 ""영풍은 실적을 포기하고 환경 개선에 진심이다&rdquo;며 &ldquo;현재 저조한 실적은 조만간 사업이 완료되면 회복될 것으로 기대한다""고 덧붙였다.충당부채 변화 보니 &lsquo;연평균 수백억&rsquo; 불과해이러한 해명과 달리 업계에서는 영풍의 사업보고서 내 '환경 개선 분야 충당부채 변화'를 살펴보면 2021년부터 환경 개선 사업에 매년 1000억원 이상씩 투자했다는 근거를 찾기 어렵다고 추정하고 있다. 충당부채란 지출 시기와 규모는 다소 달라질 수 있지만 지출 자체는 확정된 부채를 의미한다. 충당부채를 설정하면 비용이 증가하기 때문에 이익에 영향을 미친다. 하지만 영풍 사업보고서를 보면 환경 개선 투자와 관련해 충당부채로 비용 처리한 규모는 667억원으로 영풍이 밝힌 규모와 큰 차이를 보인다는 분석이 나온다. 또한 '환경 개선에 진심'이라는 해명과 달리 최근에도 환경법을 위반해 60일 조업 정지 확정에 이어 또 다른 위반 사항과 관련한 판결이 이어질 예정이다.실제 영풍은 2020년에 처음으로 토지 정화와 석포제련소 주변의 하천 복구를 위해 총 608억원의 충당부채를 설정했다. 사업보고서 기준으로 따지면 최근에 밝힌 시점(2021년)보다 한 해 앞서 환경 개선 사업에 투자금을 책정한 것이다. 이후 환경오염물질 처리와 지하수 정화&middot;복구 비용이 추가되면서 2021년에 806억원, 2022년에 1036억원, 2023년에 853억원, 2024년에 1억원의 충당부채를 추가로 설정했다. 이렇게 2020년부터 설정한 환경 개선 분야 충당부채는 총 3305억원으로, 연평균 661억원 규모다. 과거와 비교해 환경 개선을 위한 충당부채를 지속해서 설정했다는 점은 긍정적으로 평가되지만, 최근 영풍이 밝힌 &lsquo;매년 1000억원 이상&rsquo;에는 크게 못 미치는 수준이다. 더욱이 올해 영풍이 추가로 설정한 충당부채는 1억원에 불과하다. 환경 개선 사업에 대한 투자 때문에 올해 3분기 영업이익이 적자로 전환됐다고 설명하기에는 새롭게 비용으로 반영된 환경 개선 충당부채 규모가 너무 작다. 정치권에서도 '낮은 잔재물 처리율' 비판영풍이 환경 개선을 제대로 하고 있지 않다는 비판은 정치권에서도 제기되고 있다. 지난달 국회 환경노동위원회 소속 임이자 국민의힘 의원실이 환경부로부터 받은 자료에 따르면, 석포제련소가 지난해 1월부터 올해 8월까지 1년 8개월간 처리한 제련 잔재물의 비중은 전체 잔재물의 23.7%에 불과하다. 임 의원실 관계자는 ""잔재물 처리 속도가 너무 느려, 내년 말까지 잔재물을 전부 처리할 수 있을지 우려된다""고 밝혔다. 지난 2022년 말 환경부는 석포제련소에 통합환경허가를 내주면서 2025년 말까지 제련 잔재물을 모두 처리할 것을 요구했다. 하지만 이를 이행하지 못할 것으로 판단된다는 지적이다. 아울러 석포제련소는 이달 초 대구지방환경청 수시 점검 때 황산가스 감지기를 끄고 조업을 한 사실이 적발돼 60일 조업 정지에 이어 추가로 제대를 받을 가능성이 커졌다. 석포제련소에 대한 환경 오염 논란이 끊이지 않고 있는 셈이다. 업계 관계자는 ""영풍은 석포제련소의 환경 오염 논란이 발생할 때마다 '환경 개선 사업에 7000억 원 투자하고 있다'는 객관적으로 확인하기 어려운 숫자를 들며 억울함을 호소한다""며 ""어떤 과정을 통해 환경 개선 사업비를 7000억원으로 책정했는지, 매년 어디에 쓰고 있는지, 그 효과는 무엇인지 소상히 밝혀야 할 것""이라고 했다.",2024-11-20 11:30:33,https://economist.co.kr/article/view/ecn202411200028
